{ 
    "branchColor": {
      "min": [
        51.93342262769126,
        0.26399240346541136,
        0.33697727132036526,
        0.999
      ],
      "max": [
        59.482324204840346,
        0.6205717930092634,
        0.9625631956210445,
        0.999
      ]
    },
    "branchDepth": 3,
    "branchFork": 7,
    "branchTwist": 3,
    "branchWidth": 1.00481073642086,
    "flowerChance": 0.01514555678437,
    "flowerColor": {
      "min": [
        234.30745448286365,
        0.23150796257569106,
        1,
        0.8927376250661204
      ],
      "max": [
        199,
        0.21359943159823608,
        1,
        0.8314397437813581
      ]
    },
    "flowerJaggedness": 45.0571771783737,
    "flowerLength": 15.9068564571234,
    "flowerShapeMaskCoeff": 0.2,
    "flowerShapeNoiseSeed": 0.19162555460869,
    "flowerWidth": 14.9809121459127,
    "height": 180,
    "innerColor": {
      "min": [
        54.97046060358908,
        0.6734164837963543,
        0.6771718254278357,
        0.9206600029221244
      ],
      "max": [
        54.97046060358908,
        0.29689065196380054,
        0.8064831187520258,
        0.9601883004965968
      ]
    },
    "innerLength": 12.7201306797441,
    "innerWidth": 0,
    "leafChance": 0.0529255554904,
    "leafColor": {
      "min": [
        61.33105784675399,
        0.3023802485092112,
        0.8876540122207114,
        0.999
      ],
      "max": [
        60.084714836741114,
        0.6093227539465769,
        0.1136277715299718,
        0.999
      ]
    },
    "leafJaggedness": 32.1117284168924,
    "noiseScale": 100,
    "pedicelLength": 18.442684653474,
    "sheathLength": 56.5745050061859,
    "sheathWidth": 12.4589878387616,
    "shootCount": 6.87383432334441,
    "shootLength": 108.965795171043,
    "stemBend": {
        "min": 0,
        "max": 9
    }, 
    "stemCount": {
        "min": 1,
        "max": 9
    },
    "stemLength": {
        "min": 20,
        "max": 380
    },
    "stemWidth": {
        "min": 1,
        "max": 10
    },
    "width": 180,
    "xof": 180,
    "yof": 180
  }